Title,Price,Date,Brand
"Rhode by Hailey Bieber The Peptide Lip TINTS SET ALL FOUR SHADES TOGETHER, 10ml/.3",84.90,2024-10-03,Rhode
"Rhode by Hailey Bieber The Peptide Lip TINTS SET ALL FOUR SHADES TOGETHER, 10ml/.3",84.90,2024-10-03,Rhode
"Rhode by Hailey Bieber The Peptide Lip TINTS SET ALL FOUR SHADES TOGETHER, 10ml/.3",84.90,2024-10-03,Rhode
"Rhode by Hailey Bieber The Peptide Lip TINTS SET ALL FOUR SHADES TOGETHER, 10ml/.3",84.90,2024-10-03,Rhode
"Rhode by Hailey Bieber The Peptide Lip TINTS SET ALL FOUR SHADES TOGETHER, 10ml/.3",84.90,2024-10-03,Rhode
"Rhode by Hailey Bieber The Peptide Lip TINTS SET ALL FOUR SHADES TOGETHER, 10ml/.3",84.90,2024-10-03,Rhode
"Rhode by Hailey Bieber The Peptide Lip TINTS SET ALL FOUR SHADES TOGETHER, 10ml/.3",84.90,2024-10-03,Rhode
"Rhode by Hailey Bieber The Peptide Lip TINTS SET ALL FOUR SHADES TOGETHER, 10ml/.3",84.90,2024-10-03,Rhode
"Rhode by Hailey Bieber The Peptide Lip TINTS SET ALL FOUR SHADES TOGETHER, 10ml/.3",84.90,2024-10-03,Rhode
"Rhode by Hailey Bieber The Peptide Lip TINTS SET ALL FOUR SHADES TOGETHER, 10ml/.3",84.90,2024-10-03,Rhode
"Rhode by Hailey Bieber The Peptide Lip TINTS SET ALL FOUR SHADES TOGETHER, 10ml/.3",84.90,2024-10-03,Rhode
"Rhode by Hailey Bieber The Peptide Lip TINTS SET ALL FOUR SHADES TOGETHER, 10ml/.3",84.90,2024-10-03,Rhode
"Rhode by Hailey Bieber The Peptide Lip TINTS SET ALL FOUR SHADES TOGETHER, 10ml/.3",84.90,2024-10-03,Rhode
